theta0,theta1
8498.523842077871,-0.021440198032146685
